"sequence_id";"order_id";"order_type";"item_id";"item_quantity";"order_arrival";"assigned_station";"assigned_pod"
"0";"-50";"1";"46";"2";"0";"picker-1";"197"
"1";"-50";"1";"2";"2";"0";"picker-1";"116"
"2";"-50";"1";"22";"4";"0";"picker-1";"172"
"3";"-50";"1";"11";"10";"0";"picker-1";"126"
"4";"-49";"1";"63";"2";"0";"picker-1";"39"
"5";"-49";"1";"209";"4";"0";"picker-1";"62"
"6";"-49";"1";"38";"11";"0";"picker-1";"132"
"7";"-49";"1";"4";"2";"0";"picker-1";"123"
"8";"-49";"1";"343";"4";"0";"picker-1";"276"
"9";"-49";"1";"232";"3";"0";"picker-1";"67"
"10";"-49";"1";"15";"12";"0";"picker-1";"255"
"11";"-49";"1";"42";"6";"0";"picker-1";"98"
"12";"-49";"1";"18";"8";"0";"picker-1";"232"
"13";"-48";"1";"196";"4";"0";"picker-3";"182"
"14";"-48";"1";"38";"2";"0";"picker-3";"332"
"15";"-48";"1";"1";"8";"0";"picker-3";"357"
"16";"-48";"1";"34";"9";"0";"picker-3";"128"
"17";"-48";"1";"47";"3";"0";"picker-3";"211"
"18";"-47";"1";"2";"8";"0";"picker-2";"316"
"19";"-47";"1";"274";"6";"0";"picker-2";"186"
"20";"-47";"1";"49";"6";"0";"picker-2";"217"
"21";"-47";"1";"5";"6";"0";"picker-2";"200"
"22";"-47";"1";"21";"9";"0";"picker-2";"326"
"23";"-47";"1";"6";"4";"0";"picker-2";"208"
"24";"-47";"1";"48";"8";"0";"picker-2";"55"
"25";"-47";"1";"85";"4";"0";"picker-2";"312"
"26";"-46";"1";"15";"8";"0";"picker-1";"0"
"27";"-45";"1";"55";"8";"0";"picker-1";"64"
"28";"-45";"1";"11";"5";"0";"picker-1";"0"
"29";"-44";"1";"94";"3";"0";"picker-2";"130"
"30";"-43";"1";"67";"12";"0";"picker-1";"84"
"31";"-43";"1";"402";"7";"0";"picker-1";"235"
"32";"-42";"1";"344";"9";"0";"picker-2";"78"
"33";"-42";"1";"110";"12";"0";"picker-2";"330"
"34";"-41";"1";"51";"6";"0";"picker-2";"43"
"35";"-40";"1";"54";"4";"0";"picker-3";"104"
"36";"-39";"1";"136";"8";"0";"picker-1";"161"
"37";"-38";"1";"15";"6";"0";"picker-2";"0"
"38";"-38";"1";"275";"6";"0";"picker-2";"181"
"39";"-37";"1";"12";"10";"0";"picker-3";"206"
"40";"-37";"1";"30";"4";"0";"picker-3";"167"
"41";"-37";"1";"134";"4";"0";"picker-3";"154"
"42";"-36";"1";"36";"10";"0";"picker-3";"272"
"43";"-35";"1";"21";"7";"0";"picker-2";"126"
"44";"-35";"1";"194";"11";"0";"picker-2";"210"
"45";"-35";"1";"181";"9";"0";"picker-2";"163"
"46";"-34";"1";"25";"3";"0";"picker-1";"141"
"47";"-34";"1";"68";"5";"0";"picker-1";"142"
"48";"-34";"1";"176";"8";"0";"picker-1";"278"
"49";"-33";"1";"152";"6";"0";"picker-3";"233"
"50";"-33";"1";"25";"8";"0";"picker-3";"341"
"51";"-33";"1";"12";"9";"0";"picker-3";"6"
"52";"-33";"1";"402";"1";"0";"picker-3";"35"
"53";"-33";"1";"24";"9";"0";"picker-3";"79"
"54";"-33";"1";"8";"4";"0";"picker-3";"230"
"55";"-33";"1";"5";"5";"0";"picker-3";"200"
"56";"-33";"1";"435";"6";"0";"picker-3";"213"
"57";"-33";"1";"14";"4";"0";"picker-3";"124"
"58";"-33";"1";"79";"6";"0";"picker-3";"66"
"59";"-33";"1";"302";"8";"0";"picker-3";"273"
"60";"-32";"1";"19";"6";"0";"picker-3";"321"
"61";"-32";"1";"9";"4";"0";"picker-3";"271"
"62";"-32";"1";"13";"12";"0";"picker-3";"333"
"63";"-32";"1";"14";"10";"0";"picker-3";"324"
"64";"-31";"1";"6";"7";"0";"picker-2";"208"
"65";"-31";"1";"45";"5";"0";"picker-2";"145"
"66";"-31";"1";"31";"6";"0";"picker-2";"180"
"67";"-30";"1";"446";"10";"0";"picker-1";"80"
"68";"-29";"1";"18";"8";"0";"picker-2";"232"
"69";"-28";"1";"121";"6";"0";"picker-2";"289"
"70";"-27";"1";"303";"4";"0";"picker-3";"175"
"71";"-27";"1";"147";"8";"0";"picker-3";"290"
"72";"-26";"1";"21";"4";"0";"picker-2";"326"
"73";"-26";"1";"43";"4";"0";"picker-2";"234"
"74";"-25";"1";"14";"4";"0";"picker-3";"0"
"75";"-25";"1";"43";"4";"0";"picker-3";"0"
"76";"-25";"1";"47";"5";"0";"picker-3";"211"
"77";"-25";"1";"34";"7";"0";"picker-3";"128"
"78";"-25";"1";"40";"10";"0";"picker-3";"375"
"79";"-25";"1";"7";"10";"0";"picker-3";"125"
"80";"-25";"1";"10";"1";"0";"picker-3";"152"
"81";"-25";"1";"18";"9";"0";"picker-3";"32"
"82";"-25";"1";"0";"8";"0";"picker-3";"34"
"83";"-25";"1";"279";"6";"0";"picker-3";"251"
"84";"-25";"1";"44";"3";"0";"picker-3";"275"
"85";"-25";"1";"12";"6";"0";"picker-3";"0"
"86";"-25";"1";"3";"8";"0";"picker-3";"309"
"87";"-25";"1";"140";"8";"0";"picker-3";"294"
"88";"-24";"1";"70";"10";"0";"picker-1";"258"
"89";"-24";"1";"21";"11";"0";"picker-1";"126"
"90";"-24";"1";"36";"10";"0";"picker-1";"272"
"91";"-23";"1";"149";"6";"0";"picker-2";"5"
"92";"-22";"1";"124";"4";"0";"picker-1";"252"
"93";"-22";"1";"17";"1";"0";"picker-1";"33"
"94";"-21";"1";"132";"10";"0";"picker-1";"358"
"95";"-21";"1";"0";"9";"0";"picker-1";"0"
"96";"-21";"1";"11";"5";"0";"picker-1";"0"
"97";"-21";"1";"20";"9";"0";"picker-1";"63"
"98";"-20";"1";"7";"12";"0";"picker-2";"325"
"99";"-19";"1";"93";"2";"0";"picker-2";"217"
"100";"-19";"1";"14";"11";"0";"picker-2";"124"
"101";"-19";"1";"58";"6";"0";"picker-2";"0"
"102";"-19";"1";"3";"2";"0";"picker-2";"109"
"103";"-19";"1";"2";"7";"0";"picker-2";"316"
"104";"-19";"1";"13";"8";"0";"picker-2";"133"
"105";"-19";"1";"6";"7";"0";"picker-2";"8"
"106";"-18";"1";"19";"12";"0";"picker-2";"121"
"107";"-18";"1";"75";"8";"0";"picker-2";"66"
"108";"-17";"1";"41";"4";"0";"picker-3";"238"
"109";"-16";"1";"17";"10";"0";"picker-2";"233"
"110";"-16";"1";"14";"5";"0";"picker-2";"0"
"111";"-15";"1";"449";"4";"0";"picker-3";"231"
"112";"-15";"1";"81";"8";"0";"picker-3";"166"
"113";"-14";"1";"32";"2";"0";"picker-1";"101"
"114";"-13";"1";"27";"6";"0";"picker-3";"227"
"115";"-13";"1";"56";"5";"0";"picker-3";"218"
"116";"-13";"1";"181";"7";"0";"picker-3";"163"
"117";"-13";"1";"22";"10";"0";"picker-3";"172"
"118";"-13";"1";"28";"4";"0";"picker-3";"150"
"119";"-13";"1";"213";"7";"0";"picker-3";"107"
"120";"-12";"1";"279";"9";"0";"picker-2";"251"
"121";"-12";"1";"32";"6";"0";"picker-2";"301"
"122";"-12";"1";"245";"2";"0";"picker-2";"210"
"123";"-11";"1";"11";"2";"0";"picker-1";"126"
"124";"-10";"1";"0";"7";"0";"picker-1";"234"
"125";"-10";"1";"19";"10";"0";"picker-1";"321"
"126";"-10";"1";"11";"4";"0";"picker-1";"326"
"127";"-10";"1";"37";"11";"0";"picker-1";"195"
"128";"-10";"1";"13";"5";"0";"picker-1";"333"
"129";"-10";"1";"128";"8";"0";"picker-1";"236"
"130";"-10";"1";"12";"5";"0";"picker-1";"6"
"131";"-10";"1";"8";"12";"0";"picker-1";"230"
"132";"-10";"1";"126";"11";"0";"picker-1";"83"
"133";"-10";"1";"200";"4";"0";"picker-1";"148"
"134";"-10";"1";"5";"2";"0";"picker-1";"200"
"135";"-10";"1";"20";"3";"0";"picker-1";"263"
"136";"-10";"1";"2";"8";"0";"picker-1";"116"
"137";"-10";"1";"33";"1";"0";"picker-1";"307"
"138";"-9";"1";"35";"4";"0";"picker-3";"226"
"139";"-9";"1";"329";"7";"0";"picker-3";"366"
"140";"-9";"1";"0";"4";"0";"picker-3";"0"
"141";"-9";"1";"9";"10";"0";"picker-3";"271"
"142";"-8";"1";"32";"7";"0";"picker-2";"0"
"143";"-7";"1";"199";"7";"0";"picker-3";"164"
"144";"-7";"1";"27";"6";"0";"picker-3";"27"
"145";"-7";"1";"35";"8";"0";"picker-3";"26"
"146";"-7";"1";"10";"6";"0";"picker-3";"352"
"147";"-6";"1";"19";"12";"0";"picker-1";"0"
"148";"-5";"1";"22";"8";"0";"picker-3";"372"
"149";"-5";"1";"10";"10";"0";"picker-3";"152"
"150";"-5";"1";"49";"4";"0";"picker-3";"17"
"151";"-5";"1";"157";"8";"0";"picker-3";"129"
"152";"-5";"1";"198";"9";"0";"picker-3";"44"
"153";"-5";"1";"456";"3";"0";"picker-3";"155"
"154";"-5";"1";"105";"10";"0";"picker-3";"289"
"155";"-4";"1";"24";"7";"0";"picker-3";"79"
"156";"-4";"1";"181";"8";"0";"picker-3";"363"
"157";"-3";"1";"38";"4";"0";"picker-2";"132"
"158";"-3";"1";"15";"9";"0";"picker-2";"255"
"159";"-3";"1";"25";"11";"0";"picker-2";"141"
"160";"-3";"1";"470";"5";"0";"picker-2";"247"
"161";"-2";"1";"32";"3";"0";"picker-1";"101"
"162";"-2";"1";"38";"2";"0";"picker-1";"332"
"163";"-2";"1";"4";"8";"0";"picker-1";"123"
"164";"-1";"1";"2";"8";"0";;"0"
"0";"0";"1";"2";"8";"120";"picker-2";"316"
"1";"0";"1";"1";"12";"120";"picker-2";"357"
"2";"0";"1";"15";"6";"120";"picker-2";"55"
"3";"0";"1";"22";"6";"120";"picker-2";"0"
"4";"0";"1";"114";"8";"120";"picker-2";"71"
"5";"1";"1";"0";"3";"180";"picker-3";"34"
"6";"1";"1";"142";"4";"180";"picker-3";"103"
"7";"1";"1";"3";"2";"180";"picker-3";"309"
"8";"2";"1";"183";"8";"180";"picker-1";"259"
"9";"3";"1";"75";"12";"180";"picker-3";"66"
"10";"4";"1";"55";"6";"180";"picker-2";"64"
"11";"5";"1";"195";"8";"180";"picker-3";"213"
"12";"5";"1";"6";"10";"180";"picker-3";"208"
"13";"6";"1";"1";"6";"240";"picker-1";"157"
"14";"6";"1";"79";"10";"240";"picker-1";"266"
"15";"6";"1";"30";"6";"240";"picker-1";"167"
"16";"7";"1";"88";"4";"240";"picker-3";"271"
"17";"8";"1";"24";"4";"300";"picker-2";"79"
"18";"8";"1";"45";"8";"300";"picker-2";"145"
"19";"9";"1";"96";"5";"300";"picker-1";"25"
"20";"9";"1";"12";"4";"300";"picker-1";"6"
"21";"10";"1";"63";"12";"300";"picker-3";"39"
"22";"10";"1";"1";"7";"300";"picker-3";"0"
"23";"10";"1";"20";"6";"300";"picker-3";"63"
"24";"10";"1";"120";"4";"300";"picker-3";"164"
"25";"10";"1";"14";"6";"300";"picker-3";"124"
"26";"11";"1";"1";"7";"360";"picker-3";"0"
"27";"12";"1";"83";"4";"420";"picker-3";"269"
"28";"12";"1";"8";"6";"420";"picker-3";"230"
"29";"12";"1";"128";"9";"420";"picker-3";"236"
"30";"12";"1";"15";"2";"420";"picker-3";"255"
"31";"12";"1";"46";"4";"420";"picker-3";"197"
"32";"12";"1";"121";"12";"420";"picker-3";"289"
"33";"12";"1";"106";"7";"420";"picker-3";"155"
"34";"13";"1";"38";"7";"420";"picker-3";"132"
"35";"13";"1";"15";"6";"420";"picker-3";"55"
"36";"13";"1";"0";"10";"420";"picker-3";"234"
"37";"13";"1";"87";"1";"420";"picker-3";"207"
"38";"13";"1";"199";"9";"420";"picker-3";"364"
"39";"14";"1";"129";"5";"480";"picker-2";"168"
"40";"15";"1";"49";"8";"540";"picker-1";"217"
"41";"15";"1";"13";"8";"540";"picker-1";"333"
"42";"15";"1";"1";"4";"540";"picker-1";"357"
"43";"15";"1";"27";"7";"540";"picker-1";"227"
"44";"16";"1";"27";"4";"600";"picker-1";"27"
"45";"16";"1";"115";"6";"600";"picker-1";"140"
"46";"16";"1";"58";"4";"600";"picker-1";"232"
"47";"16";"1";"22";"8";"600";"picker-1";"172"
"48";"16";"1";"23";"10";"600";"picker-1";"335"
"49";"16";"1";"185";"3";"600";"picker-1";"206"
"50";"17";"1";"92";"6";"600";"picker-2";"170"
"51";"17";"1";"121";"6";"600";"picker-2";"89"
"52";"18";"1";"49";"7";"600";"picker-3";"17"
"53";"19";"1";"22";"4";"720";"picker-1";"372"
"54";"20";"1";"25";"10";"780";"picker-2";"141"
"55";"21";"1";"37";"9";"780";"picker-3";"395"
"56";"22";"1";"80";"8";"840";"picker-1";"139"
"57";"22";"1";"0";"3";"840";"picker-1";"234"
"58";"22";"1";"25";"8";"840";"picker-1";"341"
"59";"23";"1";"182";"4";"840";"picker-3";"311"
"60";"23";"1";"5";"5";"840";"picker-3";"200"
"61";"23";"1";"16";"6";"840";"picker-3";"142"
"62";"23";"1";"6";"8";"840";"picker-3";"208"
"63";"24";"1";"8";"4";"900";"picker-2";"230"
"64";"24";"1";"115";"8";"900";"picker-2";"140"
"65";"24";"1";"40";"2";"900";"picker-2";"175"
"66";"25";"1";"1";"6";"900";"picker-3";"357"
"67";"25";"1";"53";"9";"900";"picker-3";"23"
"68";"25";"1";"0";"2";"900";"picker-3";"34"
"69";"26";"1";"162";"8";"900";;"0"
"70";"26";"1";"33";"4";"900";;"0"
"71";"26";"1";"96";"10";"900";;"0"
"72";"26";"1";"15";"8";"900";;"0"
"73";"26";"1";"44";"10";"900";;"0"
"74";"27";"1";"12";"9";"960";;"0"
"75";"27";"1";"1";"3";"960";;"0"
"76";"27";"1";"0";"2";"960";;"0"
"77";"27";"1";"7";"3";"960";;"0"
"78";"28";"1";"14";"9";"1020";;"0"
"79";"28";"1";"177";"10";"1020";;"0"
"80";"29";"1";"7";"10";"1080";;"0"
"81";"29";"1";"96";"4";"1080";;"0"
"82";"29";"1";"11";"2";"1080";;"0"
"83";"29";"1";"169";"7";"1080";;"0"
"84";"29";"1";"21";"3";"1080";;"0"
"85";"30";"1";"20";"11";"1080";;"0"
"86";"30";"1";"35";"1";"1080";;"0"
"87";"31";"1";"126";"8";"1140";;"0"
"88";"32";"1";"145";"9";"1140";;"0"
"89";"32";"1";"195";"2";"1140";;"0"
"90";"33";"1";"20";"10";"1200";;"0"
"91";"33";"1";"31";"9";"1200";;"0"
"92";"33";"1";"97";"8";"1200";;"0"
"93";"33";"1";"14";"8";"1200";;"0"
"94";"33";"1";"27";"4";"1200";;"0"
"95";"33";"1";"88";"6";"1200";;"0"
"96";"34";"1";"12";"1";"1200";;"0"
"97";"34";"1";"21";"8";"1200";;"0"
"98";"35";"1";"9";"10";"1200";;"0"
"99";"35";"1";"186";"2";"1200";;"0"
"100";"35";"1";"23";"7";"1200";;"0"
"101";"35";"1";"17";"10";"1200";;"0"
"102";"35";"1";"84";"7";"1200";;"0"
"103";"35";"1";"48";"6";"1200";;"0"
"104";"36";"1";"1";"12";"1200";;"0"
"105";"36";"1";"0";"3";"1200";;"0"
"106";"36";"1";"145";"7";"1200";;"0"
"107";"37";"1";"40";"5";"1200";;"0"
"108";"37";"1";"14";"1";"1200";;"0"
"109";"37";"1";"192";"6";"1200";;"0"
"110";"37";"1";"63";"7";"1200";;"0"
"111";"37";"1";"17";"4";"1200";;"0"
"112";"37";"1";"113";"12";"1200";;"0"
"113";"37";"1";"147";"3";"1200";;"0"
"114";"38";"1";"28";"9";"1260";;"0"
"115";"38";"1";"123";"2";"1260";;"0"
"116";"38";"1";"46";"11";"1260";;"0"
"117";"39";"1";"52";"6";"1260";;"0"
"118";"39";"1";"172";"9";"1260";;"0"
"119";"40";"1";"19";"6";"1260";;"0"
"120";"40";"1";"8";"9";"1260";;"0"
"121";"40";"1";"61";"5";"1260";;"0"
"122";"40";"1";"32";"5";"1260";;"0"
"123";"41";"1";"28";"4";"1320";;"0"
"124";"41";"1";"120";"2";"1320";;"0"
"125";"41";"1";"175";"6";"1320";;"0"
"126";"41";"1";"58";"3";"1320";;"0"
"127";"41";"1";"56";"4";"1320";;"0"
"128";"41";"1";"36";"7";"1320";;"0"
"129";"41";"1";"43";"8";"1320";;"0"
"130";"41";"1";"66";"6";"1320";;"0"
"131";"42";"1";"47";"2";"1380";;"0"
"132";"42";"1";"27";"1";"1380";;"0"
"133";"42";"1";"60";"6";"1380";;"0"
"134";"43";"1";"30";"8";"1380";;"0"
"135";"43";"1";"6";"9";"1380";;"0"
"136";"43";"1";"68";"4";"1380";;"0"
"137";"44";"1";"12";"8";"1440";;"0"
"138";"45";"1";"6";"12";"1440";;"0"
"139";"46";"1";"13";"6";"1500";;"0"
"140";"47";"1";"11";"12";"1500";;"0"
"141";"48";"1";"157";"4";"1500";;"0"
"142";"48";"1";"53";"2";"1500";;"0"
"143";"48";"1";"45";"8";"1500";;"0"
"144";"48";"1";"83";"8";"1500";;"0"
"145";"48";"1";"19";"6";"1500";;"0"
"146";"49";"1";"78";"2";"1500";;"0"
"147";"49";"1";"111";"8";"1500";;"0"
"148";"49";"1";"105";"5";"1500";;"0"
"149";"49";"1";"49";"4";"1500";;"0"
"150";"50";"1";"19";"6";"1560";;"0"
"151";"50";"1";"31";"12";"1560";;"0"
"152";"51";"1";"16";"6";"1560";;"0"
"153";"51";"1";"10";"6";"1560";;"0"
"154";"51";"1";"1";"7";"1560";;"0"
"155";"51";"1";"23";"8";"1560";;"0"
"156";"51";"1";"2";"5";"1560";;"0"
"157";"51";"1";"8";"10";"1560";;"0"
"158";"51";"1";"169";"3";"1560";;"0"
"159";"52";"1";"89";"2";"1620";;"0"
"160";"53";"1";"130";"3";"1680";;"0"
"161";"53";"1";"157";"8";"1680";;"0"
"162";"53";"1";"87";"4";"1680";;"0"
"163";"54";"1";"5";"3";"1740";;"0"
"164";"54";"1";"38";"2";"1740";;"0"
"165";"54";"1";"110";"6";"1740";;"0"
"166";"54";"1";"33";"5";"1740";;"0"
"167";"54";"1";"41";"12";"1740";;"0"
"168";"54";"1";"46";"6";"1740";;"0"
"169";"55";"1";"145";"4";"1740";;"0"
"170";"55";"1";"11";"3";"1740";;"0"
"171";"55";"1";"196";"4";"1740";;"0"
"172";"56";"1";"11";"9";"1860";;"0"
"173";"56";"1";"25";"8";"1860";;"0"
"174";"56";"1";"61";"6";"1860";;"0"
"175";"56";"1";"55";"10";"1860";;"0"
"176";"56";"1";"181";"8";"1860";;"0"
"177";"56";"1";"32";"4";"1860";;"0"
"178";"56";"1";"36";"6";"1860";;"0"
"179";"56";"1";"94";"4";"1860";;"0"
"180";"57";"1";"48";"2";"1920";;"0"
"181";"57";"1";"8";"8";"1920";;"0"
"182";"58";"1";"18";"10";"1920";;"0"
"183";"58";"1";"55";"2";"1920";;"0"
"184";"58";"1";"2";"8";"1920";;"0"
"185";"58";"1";"1";"3";"1920";;"0"
"186";"59";"1";"83";"7";"1920";;"0"
"187";"59";"1";"135";"2";"1920";;"0"
"188";"60";"1";"1";"4";"2040";;"0"
"189";"60";"1";"148";"6";"2040";;"0"
"190";"61";"1";"4";"6";"2040";;"0"
"191";"61";"1";"27";"6";"2040";;"0"
"192";"62";"1";"70";"5";"2040";;"0"
"193";"62";"1";"170";"1";"2040";;"0"
"194";"62";"1";"132";"1";"2040";;"0"
"195";"62";"1";"27";"3";"2040";;"0"
"196";"63";"1";"27";"4";"2100";;"0"
"197";"64";"1";"32";"6";"2100";;"0"
"198";"64";"1";"129";"8";"2100";;"0"
"199";"65";"1";"31";"8";"2160";;"0"
"200";"65";"1";"33";"4";"2160";;"0"
"201";"65";"1";"124";"4";"2160";;"0"
"202";"65";"1";"97";"8";"2160";;"0"
"203";"65";"1";"73";"5";"2160";;"0"
"204";"66";"1";"27";"10";"2160";;"0"
"205";"66";"1";"1";"9";"2160";;"0"
"206";"67";"1";"72";"8";"2160";;"0"
"207";"67";"1";"177";"8";"2160";;"0"
"208";"67";"1";"45";"12";"2160";;"0"
"209";"67";"1";"76";"4";"2160";;"0"
"210";"67";"1";"28";"8";"2160";;"0"
"211";"68";"1";"151";"8";"2220";;"0"
"212";"68";"1";"172";"5";"2220";;"0"
"213";"68";"1";"11";"9";"2220";;"0"
"214";"68";"1";"192";"6";"2220";;"0"
"215";"68";"1";"59";"10";"2220";;"0"
"216";"68";"1";"15";"8";"2220";;"0"
"217";"69";"1";"11";"7";"2280";;"0"
"218";"69";"1";"28";"7";"2280";;"0"
"219";"69";"1";"141";"2";"2280";;"0"
"220";"70";"1";"0";"4";"2280";;"0"
"221";"70";"1";"92";"11";"2280";;"0"
"222";"71";"1";"156";"5";"2400";;"0"
"223";"71";"1";"13";"6";"2400";;"0"
"224";"71";"1";"55";"6";"2400";;"0"
"225";"72";"1";"135";"7";"2460";;"0"
"226";"72";"1";"58";"5";"2460";;"0"
"227";"72";"1";"69";"6";"2460";;"0"
"228";"72";"1";"41";"6";"2460";;"0"
"229";"72";"1";"77";"7";"2460";;"0"
"230";"73";"1";"113";"6";"2460";;"0"
"231";"73";"1";"18";"10";"2460";;"0"
"232";"74";"1";"69";"4";"2460";;"0"
"233";"75";"1";"24";"8";"2520";;"0"
"234";"76";"1";"63";"8";"2520";;"0"
"235";"76";"1";"140";"10";"2520";;"0"
"236";"76";"1";"1";"4";"2520";;"0"
"237";"76";"1";"94";"7";"2520";;"0"
"238";"76";"1";"47";"7";"2520";;"0"
"239";"76";"1";"48";"4";"2520";;"0"
"240";"77";"1";"27";"12";"2520";;"0"
"241";"77";"1";"169";"12";"2520";;"0"
"242";"77";"1";"37";"6";"2520";;"0"
"243";"77";"1";"140";"12";"2520";;"0"
"244";"77";"1";"163";"5";"2520";;"0"
"245";"77";"1";"3";"6";"2520";;"0"
"246";"78";"1";"17";"6";"2580";;"0"
"247";"78";"1";"183";"9";"2580";;"0"
"248";"78";"1";"26";"8";"2580";;"0"
"249";"78";"1";"10";"2";"2580";;"0"
"250";"79";"1";"43";"8";"2580";;"0"
"251";"80";"1";"37";"9";"2580";;"0"
"252";"80";"1";"91";"3";"2580";;"0"
"253";"80";"1";"34";"6";"2580";;"0"
"254";"80";"1";"39";"4";"2580";;"0"
"255";"81";"1";"47";"10";"2640";;"0"
"256";"82";"1";"0";"9";"2640";;"0"
"257";"83";"1";"13";"8";"2700";;"0"
"258";"84";"1";"171";"5";"2760";;"0"
"259";"84";"1";"39";"8";"2760";;"0"
"260";"84";"1";"12";"7";"2760";;"0"
"261";"84";"1";"40";"7";"2760";;"0"
"262";"84";"1";"13";"6";"2760";;"0"
"263";"84";"1";"1";"8";"2760";;"0"
"264";"85";"1";"14";"6";"2820";;"0"
"265";"85";"1";"12";"4";"2820";;"0"
"266";"86";"1";"53";"7";"2820";;"0"
"267";"87";"1";"61";"11";"2820";;"0"
"268";"87";"1";"45";"8";"2820";;"0"
"269";"87";"1";"106";"2";"2820";;"0"
"270";"87";"1";"76";"6";"2820";;"0"
"271";"87";"1";"5";"6";"2820";;"0"
"272";"87";"1";"25";"1";"2820";;"0"
"273";"87";"1";"108";"6";"2820";;"0"
"274";"87";"1";"0";"7";"2820";;"0"
"275";"87";"1";"134";"6";"2820";;"0"
"276";"87";"1";"185";"5";"2820";;"0"
"277";"87";"1";"68";"9";"2820";;"0"
"278";"87";"1";"74";"3";"2820";;"0"
"279";"87";"1";"199";"8";"2820";;"0"
"280";"87";"1";"117";"9";"2820";;"0"
"281";"87";"1";"14";"2";"2820";;"0"
"282";"88";"1";"177";"12";"2880";;"0"
"283";"89";"1";"199";"6";"2940";;"0"
"284";"90";"1";"23";"12";"3000";;"0"
"285";"91";"1";"1";"12";"3120";;"0"
"286";"91";"1";"11";"3";"3120";;"0"
"287";"91";"1";"3";"6";"3120";;"0"
"288";"92";"1";"36";"7";"3180";;"0"
"289";"92";"1";"9";"5";"3180";;"0"
"290";"93";"1";"27";"5";"3240";;"0"
"291";"93";"1";"0";"10";"3240";;"0"
"292";"93";"1";"79";"10";"3240";;"0"
"293";"93";"1";"28";"6";"3240";;"0"
"294";"94";"1";"3";"2";"3240";;"0"
"295";"94";"1";"141";"6";"3240";;"0"
"296";"94";"1";"176";"9";"3240";;"0"
"297";"94";"1";"67";"9";"3240";;"0"
"298";"94";"1";"44";"7";"3240";;"0"
"299";"94";"1";"33";"11";"3240";;"0"
"300";"95";"1";"196";"11";"3300";;"0"
"301";"95";"1";"0";"5";"3300";;"0"
"302";"95";"1";"107";"5";"3300";;"0"
"303";"95";"1";"20";"9";"3300";;"0"
"304";"96";"1";"11";"2";"3420";;"0"
"305";"96";"1";"39";"10";"3420";;"0"
"306";"97";"1";"152";"4";"3420";;"0"
"307";"97";"1";"23";"1";"3420";;"0"
"308";"97";"1";"77";"8";"3420";;"0"
"309";"98";"1";"183";"7";"3480";;"0"
"310";"99";"1";"0";"6";"3540";;"0"
"311";"99";"1";"93";"8";"3540";;"0"
"312";"99";"1";"14";"12";"3540";;"0"
"313";"100";"1";"46";"5";"3540";;"0"
"314";"100";"1";"36";"6";"3540";;"0"
"315";"100";"1";"37";"5";"3540";;"0"
"316";"100";"1";"67";"10";"3540";;"0"
"317";"100";"1";"28";"11";"3540";;"0"
"318";"100";"1";"21";"8";"3540";;"0"
"319";"100";"1";"4";"11";"3540";;"0"
"320";"101";"1";"79";"10";"3660";;"0"
"321";"101";"1";"45";"6";"3660";;"0"
"322";"101";"1";"28";"4";"3660";;"0"
"323";"101";"1";"131";"9";"3660";;"0"
"324";"101";"1";"183";"5";"3660";;"0"
"325";"101";"1";"135";"4";"3660";;"0"
"326";"102";"1";"56";"10";"3660";;"0"
"327";"102";"1";"32";"8";"3660";;"0"
"328";"102";"1";"8";"7";"3660";;"0"
"329";"102";"1";"30";"10";"3660";;"0"
"330";"103";"1";"134";"12";"3720";;"0"
"331";"104";"1";"171";"4";"3720";;"0"
"332";"104";"1";"22";"3";"3720";;"0"
"333";"104";"1";"20";"6";"3720";;"0"
"334";"105";"1";"3";"5";"3720";;"0"
"335";"105";"1";"33";"7";"3720";;"0"
"336";"105";"1";"7";"11";"3720";;"0"
"337";"105";"1";"44";"7";"3720";;"0"
"338";"105";"1";"1";"9";"3720";;"0"
"339";"105";"1";"158";"2";"3720";;"0"
"340";"106";"1";"92";"8";"3780";;"0"
"341";"106";"1";"183";"7";"3780";;"0"
"342";"106";"1";"106";"6";"3780";;"0"
"343";"106";"1";"4";"10";"3780";;"0"
"344";"106";"1";"0";"7";"3780";;"0"
"345";"106";"1";"23";"3";"3780";;"0"
"346";"107";"1";"21";"2";"3840";;"0"
"347";"107";"1";"10";"10";"3840";;"0"
"348";"107";"1";"1";"6";"3840";;"0"
"349";"107";"1";"112";"3";"3840";;"0"
"350";"108";"1";"92";"8";"3840";;"0"
"351";"108";"1";"137";"9";"3840";;"0"
"352";"108";"1";"0";"7";"3840";;"0"
"353";"108";"1";"7";"12";"3840";;"0"
"354";"108";"1";"86";"10";"3840";;"0"
"355";"108";"1";"76";"8";"3840";;"0"
"356";"108";"1";"31";"6";"3840";;"0"
"357";"108";"1";"32";"11";"3840";;"0"
"358";"109";"1";"8";"12";"3900";;"0"
"359";"109";"1";"148";"4";"3900";;"0"
"360";"109";"1";"55";"11";"3900";;"0"
"361";"110";"1";"118";"7";"3900";;"0"
"362";"110";"1";"33";"8";"3900";;"0"
"363";"110";"1";"112";"7";"3900";;"0"
"364";"110";"1";"5";"3";"3900";;"0"
"365";"110";"1";"27";"6";"3900";;"0"
"366";"111";"1";"8";"6";"3900";;"0"
"367";"111";"1";"101";"4";"3900";;"0"
"368";"111";"1";"1";"8";"3900";;"0"
"369";"111";"1";"23";"7";"3900";;"0"
"370";"111";"1";"82";"8";"3900";;"0"
"371";"111";"1";"152";"12";"3900";;"0"
"372";"111";"1";"37";"6";"3900";;"0"
"373";"111";"1";"91";"8";"3900";;"0"
"374";"112";"1";"22";"2";"3960";;"0"
"375";"112";"1";"47";"12";"3960";;"0"
"376";"112";"1";"84";"9";"3960";;"0"
"377";"112";"1";"0";"11";"3960";;"0"
"378";"112";"1";"20";"12";"3960";;"0"
"379";"112";"1";"15";"6";"3960";;"0"
"380";"113";"1";"33";"8";"3960";;"0"
"381";"113";"1";"28";"6";"3960";;"0"
"382";"113";"1";"1";"10";"3960";;"0"
"383";"113";"1";"88";"12";"3960";;"0"
"384";"114";"1";"9";"4";"4020";;"0"
"385";"114";"1";"79";"10";"4020";;"0"
"386";"115";"1";"199";"4";"4140";;"0"
"387";"115";"1";"133";"2";"4140";;"0"
"388";"115";"1";"4";"8";"4140";;"0"
"389";"115";"1";"8";"2";"4140";;"0"
"390";"115";"1";"33";"8";"4140";;"0"
"391";"116";"1";"23";"6";"4200";;"0"
"392";"116";"1";"89";"4";"4200";;"0"
"393";"116";"1";"4";"4";"4200";;"0"
"394";"117";"1";"38";"6";"4200";;"0"
"395";"118";"1";"0";"7";"4260";;"0"
"396";"118";"1";"95";"10";"4260";;"0"
"397";"118";"1";"44";"8";"4260";;"0"
"398";"118";"1";"42";"4";"4260";;"0"
"399";"118";"1";"8";"3";"4260";;"0"
"400";"119";"1";"30";"4";"4260";;"0"
"401";"119";"1";"20";"10";"4260";;"0"
"402";"120";"1";"162";"4";"4260";;"0"
"403";"120";"1";"16";"10";"4260";;"0"
"404";"121";"1";"18";"10";"4260";;"0"
"405";"121";"1";"8";"9";"4260";;"0"
"406";"122";"1";"37";"5";"4320";;"0"
"407";"122";"1";"1";"8";"4320";;"0"
"408";"123";"1";"80";"7";"4380";;"0"
"409";"123";"1";"0";"6";"4380";;"0"
"410";"123";"1";"109";"6";"4380";;"0"
"411";"124";"1";"90";"1";"4380";;"0"
"412";"125";"1";"171";"7";"4500";;"0"
"413";"125";"1";"126";"8";"4500";;"0"
"414";"125";"1";"58";"8";"4500";;"0"
"415";"125";"1";"178";"4";"4500";;"0"
"416";"126";"1";"114";"8";"4500";;"0"
"417";"126";"1";"195";"9";"4500";;"0"
"418";"126";"1";"24";"6";"4500";;"0"
"419";"127";"1";"102";"5";"4560";;"0"
"420";"128";"1";"112";"5";"4620";;"0"
"421";"129";"1";"37";"2";"4680";;"0"
"422";"129";"1";"14";"4";"4680";;"0"
"423";"129";"1";"47";"11";"4680";;"0"
"424";"129";"1";"96";"10";"4680";;"0"
"425";"129";"1";"19";"4";"4680";;"0"
"426";"129";"1";"34";"6";"4680";;"0"
"427";"129";"1";"85";"8";"4680";;"0"
"428";"129";"1";"72";"12";"4680";;"0"
"429";"129";"1";"16";"9";"4680";;"0"
"430";"129";"1";"10";"8";"4680";;"0"
"431";"129";"1";"105";"8";"4680";;"0"
"432";"129";"1";"116";"10";"4680";;"0"
"433";"130";"1";"0";"12";"4680";;"0"
"434";"130";"1";"3";"8";"4680";;"0"
"435";"131";"1";"1";"8";"4680";;"0"
"436";"132";"1";"128";"2";"4680";;"0"
"437";"133";"1";"128";"4";"4740";;"0"
"438";"133";"1";"13";"12";"4740";;"0"
"439";"134";"1";"42";"7";"4740";;"0"
"440";"134";"1";"2";"6";"4740";;"0"
"441";"134";"1";"72";"6";"4740";;"0"
"442";"134";"1";"36";"6";"4740";;"0"
"443";"134";"1";"106";"12";"4740";;"0"
"444";"134";"1";"30";"9";"4740";;"0"
"445";"134";"1";"71";"4";"4740";;"0"
"446";"135";"1";"44";"7";"4740";;"0"
"447";"135";"1";"14";"6";"4740";;"0"
"448";"135";"1";"45";"5";"4740";;"0"
"449";"135";"1";"151";"3";"4740";;"0"
"450";"136";"1";"60";"2";"4800";;"0"
"451";"136";"1";"152";"4";"4800";;"0"
"452";"136";"1";"6";"6";"4800";;"0"
"453";"137";"1";"66";"6";"4800";;"0"
"454";"137";"1";"3";"4";"4800";;"0"
"455";"138";"1";"5";"10";"4800";;"0"
"456";"138";"1";"16";"5";"4800";;"0"
"457";"138";"1";"184";"6";"4800";;"0"
"458";"138";"1";"0";"5";"4800";;"0"
"459";"139";"1";"77";"4";"4860";;"0"
"460";"139";"1";"60";"6";"4860";;"0"
"461";"139";"1";"28";"2";"4860";;"0"
"462";"139";"1";"94";"5";"4860";;"0"
"463";"139";"1";"110";"12";"4860";;"0"
"464";"139";"1";"5";"3";"4860";;"0"
"465";"139";"1";"32";"8";"4860";;"0"
"466";"140";"1";"0";"8";"4860";;"0"
"467";"141";"1";"42";"11";"4920";;"0"
"468";"141";"1";"49";"4";"4920";;"0"
"469";"141";"1";"183";"12";"4920";;"0"
"470";"142";"1";"48";"7";"4980";;"0"
"471";"142";"1";"8";"7";"4980";;"0"
"472";"142";"1";"112";"8";"4980";;"0"
"473";"142";"1";"22";"5";"4980";;"0"
"474";"142";"1";"23";"11";"4980";;"0"
"475";"142";"1";"178";"6";"4980";;"0"
"476";"142";"1";"21";"6";"4980";;"0"
"477";"143";"1";"0";"10";"4980";;"0"
"478";"143";"1";"69";"4";"4980";;"0"
"479";"144";"1";"90";"10";"5040";;"0"
"480";"144";"1";"10";"8";"5040";;"0"
"481";"144";"1";"105";"4";"5040";;"0"
"482";"145";"1";"15";"8";"5100";;"0"
"483";"145";"1";"7";"7";"5100";;"0"
"484";"146";"1";"36";"5";"5160";;"0"
"485";"146";"1";"134";"7";"5160";;"0"
"486";"146";"1";"40";"10";"5160";;"0"
"487";"146";"1";"15";"8";"5160";;"0"
"488";"147";"1";"16";"6";"5160";;"0"
"489";"148";"1";"176";"10";"5220";;"0"
"490";"149";"1";"36";"2";"5280";;"0"
"491";"150";"1";"149";"8";"5280";;"0"
"492";"150";"1";"58";"5";"5280";;"0"
"493";"151";"1";"4";"10";"5280";;"0"
"494";"151";"1";"20";"9";"5280";;"0"
"495";"151";"1";"38";"8";"5280";;"0"
"496";"151";"1";"10";"8";"5280";;"0"
"497";"152";"1";"47";"5";"5340";;"0"
"498";"152";"1";"83";"6";"5340";;"0"
"499";"153";"1";"4";"5";"5400";;"0"
"500";"153";"1";"1";"12";"5400";;"0"
"501";"153";"1";"6";"9";"5400";;"0"
"502";"153";"1";"187";"2";"5400";;"0"
"503";"153";"1";"0";"2";"5400";;"0"
"504";"153";"1";"188";"6";"5400";;"0"
"505";"154";"1";"40";"12";"5460";;"0"
"506";"154";"1";"79";"6";"5460";;"0"
"507";"154";"1";"26";"12";"5460";;"0"
"508";"154";"1";"41";"4";"5460";;"0"
"509";"154";"1";"179";"3";"5460";;"0"
"510";"154";"1";"12";"6";"5460";;"0"
"511";"154";"1";"2";"9";"5460";;"0"
"512";"155";"1";"93";"10";"5580";;"0"
"513";"156";"1";"118";"11";"5580";;"0"
"514";"156";"1";"80";"5";"5580";;"0"
"515";"156";"1";"6";"11";"5580";;"0"
"516";"156";"1";"190";"1";"5580";;"0"
"517";"157";"1";"56";"6";"5580";;"0"
"518";"158";"1";"8";"12";"5640";;"0"
"519";"158";"1";"37";"3";"5640";;"0"
"520";"158";"1";"198";"5";"5640";;"0"
"521";"158";"1";"1";"1";"5640";;"0"
"522";"159";"1";"54";"8";"5640";;"0"
"523";"160";"1";"71";"4";"5640";;"0"
"524";"161";"1";"2";"8";"5640";;"0"
"525";"162";"1";"37";"3";"5700";;"0"
"526";"162";"1";"39";"1";"5700";;"0"
"527";"162";"1";"26";"8";"5700";;"0"
"528";"162";"1";"52";"11";"5700";;"0"
"529";"163";"1";"36";"6";"5820";;"0"
"530";"163";"1";"74";"7";"5820";;"0"
"531";"163";"1";"37";"10";"5820";;"0"
"532";"164";"1";"20";"11";"5820";;"0"
"533";"165";"1";"7";"6";"5820";;"0"
"534";"165";"1";"18";"8";"5820";;"0"
"535";"165";"1";"107";"5";"5820";;"0"
"536";"165";"1";"39";"10";"5820";;"0"
"537";"165";"1";"33";"6";"5820";;"0"
"538";"166";"1";"1";"8";"5880";;"0"
"539";"166";"1";"2";"8";"5880";;"0"
"540";"167";"1";"51";"4";"6000";;"0"
"541";"167";"1";"9";"1";"6000";;"0"
"542";"167";"1";"124";"7";"6000";;"0"
"543";"167";"1";"121";"5";"6000";;"0"
"544";"167";"1";"64";"8";"6000";;"0"
"545";"167";"1";"107";"6";"6000";;"0"
"546";"167";"1";"6";"3";"6000";;"0"
"547";"167";"1";"7";"2";"6000";;"0"
"548";"168";"1";"107";"10";"6060";;"0"
"549";"168";"1";"23";"8";"6060";;"0"
"550";"168";"1";"5";"8";"6060";;"0"
"551";"168";"1";"97";"8";"6060";;"0"
"552";"169";"1";"40";"9";"6120";;"0"
"553";"169";"1";"23";"8";"6120";;"0"
"554";"169";"1";"78";"6";"6120";;"0"
"555";"170";"1";"57";"9";"6120";;"0"
"556";"170";"1";"82";"8";"6120";;"0"
"557";"170";"1";"39";"8";"6120";;"0"
"558";"170";"1";"87";"6";"6120";;"0"
"559";"171";"1";"4";"12";"6120";;"0"
"560";"171";"1";"48";"9";"6120";;"0"
"561";"172";"1";"23";"2";"6120";;"0"
"562";"172";"1";"25";"10";"6120";;"0"
"563";"173";"1";"128";"6";"6180";;"0"
"564";"173";"1";"24";"8";"6180";;"0"
"565";"174";"1";"62";"12";"6240";;"0"
"566";"174";"1";"49";"7";"6240";;"0"
"567";"174";"1";"130";"8";"6240";;"0"
"568";"174";"1";"6";"4";"6240";;"0"
"569";"175";"1";"63";"12";"6240";;"0"
"570";"175";"1";"16";"4";"6240";;"0"
"571";"175";"1";"2";"4";"6240";;"0"
"572";"176";"1";"73";"5";"6300";;"0"
"573";"176";"1";"49";"7";"6300";;"0"
"574";"177";"1";"10";"5";"6300";;"0"
"575";"177";"1";"70";"4";"6300";;"0"
"576";"177";"1";"130";"6";"6300";;"0"
"577";"178";"1";"2";"4";"6300";;"0"
"578";"178";"1";"28";"3";"6300";;"0"
"579";"178";"1";"32";"9";"6300";;"0"
"580";"178";"1";"5";"7";"6300";;"0"
"581";"178";"1";"36";"4";"6300";;"0"
"582";"178";"1";"40";"9";"6300";;"0"
"583";"178";"1";"109";"6";"6300";;"0"
"584";"178";"1";"47";"3";"6300";;"0"
"585";"179";"1";"44";"8";"6360";;"0"
"586";"179";"1";"1";"3";"6360";;"0"
"587";"179";"1";"51";"12";"6360";;"0"
"588";"180";"1";"18";"7";"6360";;"0"
"589";"180";"1";"7";"8";"6360";;"0"
"590";"181";"1";"26";"2";"6420";;"0"
"591";"181";"1";"38";"2";"6420";;"0"
"592";"181";"1";"114";"11";"6420";;"0"
"593";"181";"1";"46";"2";"6420";;"0"
"594";"181";"1";"3";"2";"6420";;"0"
"595";"181";"1";"1";"6";"6420";;"0"
"596";"181";"1";"174";"1";"6420";;"0"
"597";"182";"1";"4";"6";"6420";;"0"
"598";"182";"1";"88";"10";"6420";;"0"
"599";"182";"1";"178";"1";"6420";;"0"
"600";"182";"1";"171";"6";"6420";;"0"
"601";"183";"1";"61";"6";"6480";;"0"
"602";"183";"1";"1";"6";"6480";;"0"
"603";"183";"1";"11";"6";"6480";;"0"
"604";"183";"1";"65";"9";"6480";;"0"
"605";"183";"1";"5";"6";"6480";;"0"
"606";"183";"1";"40";"6";"6480";;"0"
"607";"184";"1";"22";"10";"6480";;"0"
"608";"184";"1";"141";"8";"6480";;"0"
"609";"184";"1";"3";"6";"6480";;"0"
"610";"185";"1";"16";"6";"6480";;"0"
"611";"185";"1";"52";"3";"6480";;"0"
"612";"185";"1";"14";"8";"6480";;"0"
"613";"185";"1";"11";"8";"6480";;"0"
"614";"185";"1";"103";"10";"6480";;"0"
"615";"186";"1";"21";"5";"6480";;"0"
"616";"186";"1";"8";"4";"6480";;"0"
"617";"187";"1";"23";"2";"6480";;"0"
"618";"187";"1";"5";"2";"6480";;"0"
"619";"188";"1";"49";"1";"6480";;"0"
"620";"188";"1";"15";"11";"6480";;"0"
"621";"189";"1";"198";"6";"6480";;"0"
"622";"190";"1";"28";"2";"6540";;"0"
"623";"190";"1";"138";"7";"6540";;"0"
"624";"190";"1";"85";"11";"6540";;"0"
"625";"190";"1";"74";"8";"6540";;"0"
"626";"190";"1";"4";"5";"6540";;"0"
"627";"191";"1";"1";"4";"6540";;"0"
"628";"191";"1";"42";"12";"6540";;"0"
"629";"191";"1";"8";"6";"6540";;"0"
"630";"191";"1";"21";"5";"6540";;"0"
"631";"191";"1";"195";"2";"6540";;"0"
"632";"191";"1";"35";"1";"6540";;"0"
"633";"192";"1";"22";"1";"6660";;"0"
"634";"192";"1";"88";"5";"6660";;"0"
"635";"192";"1";"51";"7";"6660";;"0"
"636";"193";"1";"1";"2";"6720";;"0"
"637";"193";"1";"55";"6";"6720";;"0"
"638";"193";"1";"12";"6";"6720";;"0"
"639";"193";"1";"36";"4";"6720";;"0"
"640";"193";"1";"112";"9";"6720";;"0"
"641";"194";"1";"1";"8";"6720";;"0"
"642";"194";"1";"10";"6";"6720";;"0"
"643";"195";"1";"34";"4";"6840";;"0"
"644";"195";"1";"4";"4";"6840";;"0"
"645";"195";"1";"8";"8";"6840";;"0"
"646";"196";"1";"67";"8";"6840";;"0"
"647";"196";"1";"106";"5";"6840";;"0"
"648";"196";"1";"152";"6";"6840";;"0"
"649";"197";"1";"33";"10";"6900";;"0"
"650";"198";"1";"101";"8";"6960";;"0"
"651";"198";"1";"1";"12";"6960";;"0"
"652";"198";"1";"0";"10";"6960";;"0"
"653";"199";"1";"192";"4";"6960";;"0"
"654";"199";"1";"188";"8";"6960";;"0"
"655";"199";"1";"1";"4";"6960";;"0"
"656";"199";"1";"121";"6";"6960";;"0"
"657";"199";"1";"114";"7";"6960";;"0"
"658";"199";"1";"44";"8";"6960";;"0"
"659";"199";"1";"131";"4";"6960";;"0"
"660";"199";"1";"3";"10";"6960";;"0"
"661";"199";"1";"190";"6";"6960";;"0"
"662";"200";"1";"21";"6";"6960";;"0"
"663";"200";"1";"11";"7";"6960";;"0"
"664";"200";"1";"0";"10";"6960";;"0"
"665";"200";"1";"122";"12";"6960";;"0"
"666";"200";"1";"5";"11";"6960";;"0"
"667";"200";"1";"40";"2";"6960";;"0"
"668";"201";"1";"75";"12";"7080";;"0"
"669";"201";"1";"0";"9";"7080";;"0"
"670";"201";"1";"38";"8";"7080";;"0"
"671";"201";"1";"20";"10";"7080";;"0"
"672";"201";"1";"177";"9";"7080";;"0"
"673";"202";"1";"77";"2";"7080";;"0"
"674";"202";"1";"46";"8";"7080";;"0"
"675";"202";"1";"26";"2";"7080";;"0"
"676";"202";"1";"38";"9";"7080";;"0"
"677";"203";"1";"11";"11";"7080";;"0"
"678";"204";"1";"31";"4";"7140";;"0"
"679";"205";"1";"151";"12";"7140";;"0"
"680";"205";"1";"145";"4";"7140";;"0"
"681";"206";"1";"3";"7";"7140";;"0"
"682";"206";"1";"18";"8";"7140";;"0"
"683";"207";"1";"14";"6";"7200";;"0"
"684";"207";"1";"45";"4";"7200";;"0"
"685";"207";"1";"34";"6";"7200";;"0"
"686";"207";"1";"163";"8";"7200";;"0"
"687";"207";"1";"44";"8";"7200";;"0"
"688";"207";"1";"24";"4";"7200";;"0"
"689";"207";"1";"22";"7";"7200";;"0"
"690";"207";"1";"7";"11";"7200";;"0"
"691";"207";"1";"23";"4";"7200";;"0"
"692";"207";"1";"43";"12";"7200";;"0"
"693";"207";"1";"46";"7";"7200";;"0"
"694";"208";"1";"6";"2";"7200";;"0"
"695";"208";"1";"99";"7";"7200";;"0"
"696";"208";"1";"94";"5";"7200";;"0"
"697";"208";"1";"179";"6";"7200";;"0"
"698";"208";"1";"2";"2";"7200";;"0"
"699";"208";"1";"18";"4";"7200";;"0"
"700";"208";"1";"0";"9";"7200";;"0"
"701";"208";"1";"148";"11";"7200";;"0"
"702";"209";"1";"2";"10";"7200";;"0"
"703";"209";"1";"188";"9";"7200";;"0"
"704";"209";"1";"26";"7";"7200";;"0"
"705";"210";"1";"35";"11";"7260";;"0"
"706";"211";"1";"33";"7";"7260";;"0"
"707";"212";"1";"27";"8";"7320";;"0"
"708";"212";"1";"3";"12";"7320";;"0"
"709";"212";"1";"89";"7";"7320";;"0"
"710";"212";"1";"23";"4";"7320";;"0"
"711";"213";"1";"1";"1";"7320";;"0"
"712";"213";"1";"163";"10";"7320";;"0"
"713";"214";"1";"67";"4";"7320";;"0"
"714";"215";"1";"133";"7";"7320";;"0"
"715";"216";"1";"6";"9";"7500";;"0"
"716";"216";"1";"25";"4";"7500";;"0"
"717";"217";"1";"117";"10";"7560";;"0"
"718";"217";"1";"57";"7";"7560";;"0"
"719";"217";"1";"126";"8";"7560";;"0"
"720";"217";"1";"47";"2";"7560";;"0"
"721";"218";"1";"12";"8";"7560";;"0"
"722";"218";"1";"164";"10";"7560";;"0"
"723";"219";"1";"15";"12";"7620";;"0"
"724";"219";"1";"29";"6";"7620";;"0"
"725";"219";"1";"49";"6";"7620";;"0"
"726";"219";"1";"14";"11";"7620";;"0"
"727";"220";"1";"21";"10";"7620";;"0"
"728";"220";"1";"167";"8";"7620";;"0"
"729";"220";"1";"49";"8";"7620";;"0"
"730";"221";"1";"27";"4";"7740";;"0"
"731";"221";"1";"172";"3";"7740";;"0"
"732";"222";"1";"20";"7";"7740";;"0"
"733";"222";"1";"153";"8";"7740";;"0"
"734";"222";"1";"18";"8";"7740";;"0"
"735";"222";"1";"48";"8";"7740";;"0"
"736";"222";"1";"161";"8";"7740";;"0"
"737";"222";"1";"23";"4";"7740";;"0"
"738";"222";"1";"80";"11";"7740";;"0"
"739";"222";"1";"49";"10";"7740";;"0"
"740";"222";"1";"15";"9";"7740";;"0"
"741";"222";"1";"35";"9";"7740";;"0"
"742";"223";"1";"0";"4";"7800";;"0"
"743";"223";"1";"73";"8";"7800";;"0"
"744";"223";"1";"84";"4";"7800";;"0"
"745";"224";"1";"6";"5";"7860";;"0"
"746";"225";"1";"135";"10";"7920";;"0"
"747";"225";"1";"35";"7";"7920";;"0"
"748";"225";"1";"132";"8";"7920";;"0"
"749";"225";"1";"84";"6";"7920";;"0"
"750";"225";"1";"163";"4";"7920";;"0"
"751";"225";"1";"96";"8";"7920";;"0"
"752";"225";"1";"4";"9";"7920";;"0"
"753";"225";"1";"131";"10";"7920";;"0"
"754";"226";"1";"1";"2";"8040";;"0"
"755";"227";"1";"3";"1";"8040";;"0"
"756";"227";"1";"178";"8";"8040";;"0"
"757";"227";"1";"112";"4";"8040";;"0"
"758";"227";"1";"28";"6";"8040";;"0"
"759";"227";"1";"145";"10";"8040";;"0"
"760";"227";"1";"84";"8";"8040";;"0"
"761";"227";"1";"37";"6";"8040";;"0"
"762";"228";"1";"61";"7";"8040";;"0"
"763";"228";"1";"14";"10";"8040";;"0"
"764";"229";"1";"89";"6";"8040";;"0"
"765";"229";"1";"77";"8";"8040";;"0"
"766";"229";"1";"9";"2";"8040";;"0"
"767";"229";"1";"7";"6";"8040";;"0"
"768";"230";"1";"178";"2";"8100";;"0"
"769";"231";"1";"87";"8";"8100";;"0"
"770";"231";"1";"83";"8";"8100";;"0"
"771";"231";"1";"134";"6";"8100";;"0"
"772";"231";"1";"11";"7";"8100";;"0"
"773";"232";"1";"39";"12";"8160";;"0"
"774";"232";"1";"13";"4";"8160";;"0"
"775";"233";"1";"174";"6";"8160";;"0"
"776";"233";"1";"60";"5";"8160";;"0"
"777";"233";"1";"143";"4";"8160";;"0"
"778";"233";"1";"15";"2";"8160";;"0"
"779";"233";"1";"4";"11";"8160";;"0"
"780";"233";"1";"43";"10";"8160";;"0"
"781";"233";"1";"194";"3";"8160";;"0"
"782";"233";"1";"16";"5";"8160";;"0"
"783";"234";"1";"9";"10";"8220";;"0"
"784";"234";"1";"106";"8";"8220";;"0"
"785";"235";"1";"3";"8";"8220";;"0"
"786";"236";"1";"19";"2";"8280";;"0"
"787";"236";"1";"45";"4";"8280";;"0"
"788";"236";"1";"117";"8";"8280";;"0"
"789";"236";"1";"42";"8";"8280";;"0"
"790";"236";"1";"30";"11";"8280";;"0"
"791";"236";"1";"10";"12";"8280";;"0"
"792";"236";"1";"79";"6";"8280";;"0"
"793";"237";"1";"102";"10";"8340";;"0"
"794";"238";"1";"10";"6";"8520";;"0"
"795";"239";"1";"6";"5";"8520";;"0"
"796";"240";"1";"68";"7";"8520";;"0"
"797";"240";"1";"41";"6";"8520";;"0"
"798";"240";"1";"31";"2";"8520";;"0"
"799";"240";"1";"13";"6";"8520";;"0"
"800";"240";"1";"42";"12";"8520";;"0"
"801";"240";"1";"48";"5";"8520";;"0"
"802";"240";"1";"46";"4";"8520";;"0"
"803";"241";"1";"72";"9";"8580";;"0"
"804";"241";"1";"39";"9";"8580";;"0"
"805";"241";"1";"28";"10";"8580";;"0"
"806";"242";"1";"66";"1";"8580";;"0"
"807";"243";"1";"17";"10";"8640";;"0"
"808";"243";"1";"35";"10";"8640";;"0"
"809";"243";"1";"130";"2";"8640";;"0"
"810";"244";"1";"29";"6";"8640";;"0"
"811";"244";"1";"119";"10";"8640";;"0"
"812";"245";"1";"9";"8";"8700";;"0"
"813";"246";"1";"5";"8";"8700";;"0"
"814";"246";"1";"121";"2";"8700";;"0"
"815";"247";"1";"136";"4";"8760";;"0"
"816";"248";"1";"62";"10";"8760";;"0"
"817";"248";"1";"149";"8";"8760";;"0"
"818";"248";"1";"60";"4";"8760";;"0"
"819";"248";"1";"15";"8";"8760";;"0"
"820";"249";"1";"43";"2";"8820";;"0"
"821";"250";"1";"83";"10";"8820";;"0"
"822";"250";"1";"176";"4";"8820";;"0"
"823";"250";"1";"155";"6";"8820";;"0"
"824";"250";"1";"12";"4";"8820";;"0"
"825";"251";"1";"74";"2";"8880";;"0"
"826";"251";"1";"104";"6";"8880";;"0"
"827";"251";"1";"27";"10";"8880";;"0"
"828";"252";"1";"3";"2";"8880";;"0"
"829";"253";"1";"24";"7";"8940";;"0"
"830";"254";"1";"2";"12";"8940";;"0"
"831";"254";"1";"6";"6";"8940";;"0"
"832";"254";"1";"190";"4";"8940";;"0"
"833";"254";"1";"64";"9";"8940";;"0"
"834";"254";"1";"22";"3";"8940";;"0"
"835";"254";"1";"8";"2";"8940";;"0"
"836";"254";"1";"107";"2";"8940";;"0"
"837";"254";"1";"149";"9";"8940";;"0"
"838";"254";"1";"65";"8";"8940";;"0"
"839";"254";"1";"154";"6";"8940";;"0"
"840";"254";"1";"41";"5";"8940";;"0"
"841";"255";"1";"148";"6";"9000";;"0"
"842";"256";"1";"8";"10";"9000";;"0"
"843";"257";"1";"175";"7";"9120";;"0"
"844";"257";"1";"12";"8";"9120";;"0"
"845";"258";"1";"48";"9";"9120";;"0"
"846";"258";"1";"25";"7";"9120";;"0"
"847";"258";"1";"33";"6";"9120";;"0"
"848";"258";"1";"116";"8";"9120";;"0"
"849";"259";"1";"7";"5";"9180";;"0"
"850";"259";"1";"93";"6";"9180";;"0"
"851";"259";"1";"55";"7";"9180";;"0"
"852";"259";"1";"64";"10";"9180";;"0"
"853";"259";"1";"170";"2";"9180";;"0"
"854";"259";"1";"44";"1";"9180";;"0"
"855";"259";"1";"4";"8";"9180";;"0"
"856";"259";"1";"2";"9";"9180";;"0"
"857";"259";"1";"46";"6";"9180";;"0"
"858";"259";"1";"27";"11";"9180";;"0"
"859";"259";"1";"130";"8";"9180";;"0"
"860";"259";"1";"5";"9";"9180";;"0"
"861";"259";"1";"1";"4";"9180";;"0"
"862";"260";"1";"67";"6";"9240";;"0"
"863";"261";"1";"156";"10";"9240";;"0"
"864";"261";"1";"20";"6";"9240";;"0"
"865";"261";"1";"34";"12";"9240";;"0"
"866";"262";"1";"9";"6";"9240";;"0"
"867";"262";"1";"3";"10";"9240";;"0"
"868";"262";"1";"115";"10";"9240";;"0"
"869";"262";"1";"13";"12";"9240";;"0"
"870";"263";"1";"125";"10";"9300";;"0"
"871";"264";"1";"8";"10";"9360";;"0"
"872";"264";"1";"6";"4";"9360";;"0"
"873";"264";"1";"106";"4";"9360";;"0"
"874";"264";"1";"121";"9";"9360";;"0"
"875";"264";"1";"57";"10";"9360";;"0"
"876";"264";"1";"98";"2";"9360";;"0"
"877";"264";"1";"1";"8";"9360";;"0"
"878";"264";"1";"11";"6";"9360";;"0"
"879";"264";"1";"81";"8";"9360";;"0"
"880";"264";"1";"189";"5";"9360";;"0"
"881";"265";"1";"41";"8";"9360";;"0"
"882";"265";"1";"46";"7";"9360";;"0"
"883";"266";"1";"2";"11";"9420";;"0"
"884";"267";"1";"22";"4";"9480";;"0"
"885";"268";"1";"13";"5";"9480";;"0"
"886";"268";"1";"42";"7";"9480";;"0"
"887";"269";"1";"60";"8";"9480";;"0"
"888";"269";"1";"12";"6";"9480";;"0"
"889";"269";"1";"36";"6";"9480";;"0"
"890";"270";"1";"110";"4";"9720";;"0"
"891";"270";"1";"33";"3";"9720";;"0"
"892";"270";"1";"34";"1";"9720";;"0"
"893";"270";"1";"26";"6";"9720";;"0"
"894";"271";"1";"12";"4";"9780";;"0"
"895";"271";"1";"1";"2";"9780";;"0"
"896";"272";"1";"29";"9";"9780";;"0"
"897";"273";"1";"165";"11";"9780";;"0"
"898";"273";"1";"47";"3";"9780";;"0"
"899";"274";"1";"15";"2";"9780";;"0"
"900";"274";"1";"81";"4";"9780";;"0"
"901";"274";"1";"3";"10";"9780";;"0"
"902";"275";"1";"10";"8";"9840";;"0"
"903";"275";"1";"46";"3";"9840";;"0"
"904";"275";"1";"13";"1";"9840";;"0"
"905";"276";"1";"161";"8";"9840";;"0"
"906";"276";"1";"24";"7";"9840";;"0"
"907";"276";"1";"48";"2";"9840";;"0"
"908";"276";"1";"2";"7";"9840";;"0"
"909";"276";"1";"7";"7";"9840";;"0"
"910";"277";"1";"182";"11";"9900";;"0"
"911";"277";"1";"114";"8";"9900";;"0"
"912";"277";"1";"89";"8";"9900";;"0"
"913";"278";"1";"23";"7";"10020";;"0"
"914";"278";"1";"30";"4";"10020";;"0"
"915";"278";"1";"9";"9";"10020";;"0"
"916";"278";"1";"31";"10";"10020";;"0"
"917";"279";"1";"76";"7";"10020";;"0"
"918";"279";"1";"27";"2";"10020";;"0"
"919";"279";"1";"49";"5";"10020";;"0"
"920";"279";"1";"12";"10";"10020";;"0"
"921";"279";"1";"14";"8";"10020";;"0"
"922";"280";"1";"95";"10";"10080";;"0"
"923";"280";"1";"179";"6";"10080";;"0"
"924";"280";"1";"11";"4";"10080";;"0"
"925";"280";"1";"4";"6";"10080";;"0"
"926";"280";"1";"2";"7";"10080";;"0"
"927";"281";"1";"50";"10";"10140";;"0"
"928";"282";"1";"156";"4";"10200";;"0"
"929";"283";"1";"36";"11";"10260";;"0"
"930";"283";"1";"149";"8";"10260";;"0"
"931";"283";"1";"26";"7";"10260";;"0"
"932";"283";"1";"40";"9";"10260";;"0"
"933";"284";"1";"66";"8";"10320";;"0"
"934";"284";"1";"173";"6";"10320";;"0"
"935";"284";"1";"114";"4";"10320";;"0"
"936";"284";"1";"6";"4";"10320";;"0"
"937";"284";"1";"13";"9";"10320";;"0"
"938";"284";"1";"10";"4";"10320";;"0"
"939";"284";"1";"163";"6";"10320";;"0"
"940";"284";"1";"71";"7";"10320";;"0"
"941";"284";"1";"49";"4";"10320";;"0"
"942";"285";"1";"86";"8";"10320";;"0"
"943";"286";"1";"7";"2";"10320";;"0"
"944";"287";"1";"199";"6";"10440";;"0"
"945";"287";"1";"114";"4";"10440";;"0"
"946";"287";"1";"45";"8";"10440";;"0"
"947";"288";"1";"12";"12";"10440";;"0"
"948";"288";"1";"17";"8";"10440";;"0"
"949";"288";"1";"106";"11";"10440";;"0"
"950";"288";"1";"32";"9";"10440";;"0"
"951";"288";"1";"9";"2";"10440";;"0"
"952";"288";"1";"186";"8";"10440";;"0"
"953";"288";"1";"22";"7";"10440";;"0"
"954";"289";"1";"185";"12";"10440";;"0"
"955";"290";"1";"50";"7";"10440";;"0"
"956";"290";"1";"10";"10";"10440";;"0"
"957";"291";"1";"2";"12";"10500";;"0"
"958";"291";"1";"18";"10";"10500";;"0"
"959";"291";"1";"19";"12";"10500";;"0"
